{
  "r2": 0.9703445672459453,
  "mae": 0.4328980978315633
}