column,count,mean,std,min,25%,50%,75%,max
value,40.0,0.14742499999999997,0.990242495229817,-2.649,-0.47550000000000003,0.2915,0.8714999999999999,1.948
other,40.0,47.45,30.305241993881065,2.0,21.0,47.0,72.0,98.0
