scenario,avg_profit,delta_vs_baseline
Baseline,447.0004715568071,0.0
Costs +5pp,383.8620479558156,-63.13842360099147
Costs -5pp,510.1388951577985,63.138423600991416
