category,count,mean,std
A,2,11.0,1.4142135623730951
B,3,10.0,3.605551275463989
