{
  "logreg": {
    "accuracy": 0.5297202797202797,
    "precision": 0.5377358490566038,
    "recall": 0.7574750830564784,
    "f1": 0.6289655172413793,
    "confusion_matrix": [
      [
        75,
        196
      ],
      [
        73,
        228
      ]
    ]
  },
  "random_forest": {
    "accuracy": 0.5017482517482518,
    "precision": 0.525974025974026,
    "recall": 0.5382059800664452,
    "f1": 0.5320197044334976,
    "confusion_matrix": [
      [
        125,
        146
      ],
      [
        139,
        162
      ]
    ]
  }
}